Start,End,Sequence,Peptide mass (Da),Retention time (min),Uptake FREE (D),Uptake COMPLEX (D),Uptake error (SD) - Free (D),Uptake error (SD) - Complex (D),
Start,End,Sequence,Peptide mass (Da),Retention time (min),1 min,1 min,1 min,1 min,
36,68,AVQDIVEQVKPLQQVANQGAGRPSEVPGVRTLT,3485.90068,28.46011667,11.45221227,14.5,0.447859302,2.561845506,3.047787732
36,68,AVQDIVEQVKPLQQVANQGAGRPSEVPGVRTLT,3485.90068,28.49823833,12.45670214,16.30624965,1.881380756,3.501197007,3.849547502
40,68,IVEQVKPLQQVANQGAGRPSEVPGVRTLT,3072.47508,25.83517167,9.307177514,11.35696043,0.235327032,0.944147209,2.049782914
37,67,VQDIVEQVKPLQQVANQGAGRPSEVPGVRTL,3313.71888,27.71023167,12.55247402,14.28849876,1.493858291,1.299369526,1.736024745
38,67,QDIVEQVKPLQQVANQGAGRPSEVPGVRTL,3214.58778,27.33006667,7.868674543,9.173287143,0.453867836,0.241368584,1.304612601
49,68,QVANQGAGRPSEVPGVRTLT,2037.23778,22.66268833,10.47016359,11.7313821,3.108813711,0.224030919,1.261218509
68,89,TLERWPFSAPFRVKGKEIQILR,2672.13418,29.09698833,2.010599799,2.844685176,0.018650842,0.365332391,0.834085377
70,91,ERWPFSAPFRVKGKEIQILRID,2686.11768,30.06948833,2.837352685,3.668545743,0.224444512,0.199793847,0.831193058
46,58,PLQQVANQGAGRP,1335.46868,19.35211167,5.172792042,6.000564477,0.40308619,2.37544199,0.827772434
12,23,KAAADLDAIYDH,1302.38918,24.14365,3.25431279,4.050559115,0.489879497,0.154815155,0.796246325
12,27,KAAADLDAIYDHYVVL,1776.98228,32.28906333,2.602963437,3.290903239,0.841204557,1.171010169,0.687939802
70,81,ERWPFSAPFRVK,1519.74738,28.36741167,3.099124199,3.66890072,0.337637845,0.614794299,0.569776521
35,65,KAVQDIVEQVKPLQQVANQGAGRPSEVPGVR,3298.70758,26.111615,21.50051747,21.91350492,0.476103907,0.143349338,0.412987451
43,66,QVKPLQQVANQGAGRPSEVPGVRT,2516.81088,22.07718333,13.51881146,13.90628771,0.54650047,1.523692796,0.387476258
39,65,DIVEQVKPLQQVANQGAGRPSEVPGVR,2872.19708,25.98812333,6.881546562,7.105774628,0.834891311,0.554954335,0.224228066
43,66,QVKPLQQVANQGAGRPSEVPGVRT,2516.81088,22.066595,18.17280707,18.3277796,0.088349037,0.038733694,0.154972526
14,26,AADLDAIYDHYVV,1464.57448,32.590675,1.344673477,1.48561818,0.719404203,0.713789889,0.140944703
14,23,AADLDAIYDH,1103.13898,25.81722667,0.299236703,0.255745025,0.036181171,0.004092279,-0.043491678
68,79,TLERWPFSAPFR,1506.70548,31.219565,1.047992151,0.977038113,0.067158303,0.243669218,-0.070954037
14,27,AADLDAIYDHYVVL,1577.73208,34.42205167,0.457605636,0.320115436,0.044056109,0.020968374,-0.1374902
15,23,ADLDAIYDH,1032.06108,25.80581833,0.310516812,0.105995863,0.151068147,0.075403152,-0.204520949
13,27,AAADLDAIYDHYVVL,1648.80998,34.53864,0.639792277,0.427791175,0.025350024,0.033395329,-0.212001101
13,23,AAADLDAIYDH,1174.21688,26.43519333,0.645584835,0.430853169,0.126220365,0.080968223,-0.214731666
14,25,AADLDAIYDHYV,1365.44338,32.050475,4.224372074,4.003003762,0.161693323,0.280649218,-0.221368312
43,65,QVKPLQQVANQGAGRPSEVPGVR,2415.70698,21.90428,3.234670203,3.005490905,0.143758725,0.099402575,-0.229179298
30,38,PEKALKAVQ,983.16278,20.44127,0.61389697,0.314869901,0.028133185,0.049062102,-0.299027069
30,39,PEKALKAVQD,1098.25018,20.43739167,0.625196767,0.301642969,0.097924653,0.031066999,-0.323553798
10,23,TRKAAADLDAIYDH,1559.67878,22.65187833,0.723702249,0.381236003,0.073067041,0.069143172,-0.342466246
28,45,IGPEKALKAVQDIVEQVK,1965.29438,32.057045,1.974959817,1.577066376,0.665327275,0.349659799,-0.397893441
72,89,WPFSAPFRVKGKEIQILR,2172.57298,29.51207333,3.195621057,2.775587544,0.321504061,0.084913736,-0.420033513
28,38,IGPEKALKAVQ,1153.37168,20.63833,0.804668224,0.367645044,0.04277725,0.018171353,-0.43702318
28,39,IGPEKALKAVQD,1268.45908,20.502935,0.829711448,0.380873389,0.083742093,0.03558249,-0.448838059
68,86,TLERWPFSAPFRVKGKEIQ,2289.63328,28.25753667,3.022619831,2.549112638,0.212696923,0.062394483,-0.473507193
28,39,IGPEKALKAVQD,1268.45908,22.41912667,0.780457589,0.3018636,0.192710704,0.048083197,-0.478593989
70,79,ERWPFSAPFR,1292.44398,30.26547333,0.753423199,0.253562556,0.09070515,0.018523134,-0.499860643
28,42,IGPEKALKAVQDIVE,1609.86178,29.639245,1.055912569,0.550790522,0.022542309,0.063096203,-0.505122047
9,23,WTRKAAADLDAIYDH,1745.88868,25.19512667,1.143239963,0.632497797,0.111255892,0.021735947,-0.510742166
9,27,WTRKAAADLDAIYDHYVVL,2220.48178,32.628625,1.704681519,1.192105055,0.027123282,0.038816817,-0.512576465
25,39,VVLIGPEKALKAVQD,1579.87888,26.87929167,1.730501511,1.192584626,0.248391996,0.119710846,-0.537916885
80,89,VKGKEIQILR,1183.44398,18.50648333,0.743930801,0.173128793,0.053311077,0.028170137,-0.570802009
68,79,TLERWPFSAPFR,1506.70548,31.25413,1.081301946,0.476743139,0.06207159,0.063093516,-0.604558807
82,91,GKEIQILRID,1184.38558,25.87371333,0.788044496,0.175134305,0.055541283,0.00912157,-0.612910192
80,91,VKGKEIQILRID,1411.68898,23.95746833,0.892841961,0.257394782,0.065612731,0.05873195,-0.635447179
80,91,VKGKEIQILRID,1411.68898,24.08121,0.904750783,0.238210176,0.06494505,0.027416809,-0.666540606
72,86,WPFSAPFRVKGKEIQ,1790.07208,28.16029167,1.678315864,0.934498144,0.130006833,0.199777851,-0.74381772
72,83,WPFSAPFRVKGK,1419.67128,28.07365167,2.540242691,1.773598256,0.246307935,0.013846182,-0.766644436
68,83,TLERWPFSAPFRVKGK,1919.23248,27.64590833,1.900068212,1.096061692,0.177086776,0.075078174,-0.80400652
40,58,IVEQVKPLQQVANQGAGRP,2032.30398,22.98289667,7.588530296,6.77269869,0.31555048,0.217740333,-0.815831605
38,67,QDIVEQVKPLQQVANQGAGRPSEVPGVRTL,3214.58778,27.05825667,10.50451797,9.637835304,0.21435424,0.251342128,-0.866682664
28,45,IGPEKALKAVQDIVEQVK,1965.29438,32.386585,1.613825172,0.725757654,0.324998564,0.137015052,-0.888067519
70,83,ERWPFSAPFRVKGK,1704.97098,26.808045,1.4702318,0.558153619,0.146376537,0.029749646,-0.912078181
7,23,LKWTRKAAADLDAIYDH,1987.21858,26.29557667,2.069837028,1.154351147,0.20699639,0.174599097,-0.915485881
10,27,TRKAAADLDAIYDHYVVL,2034.27188,30.933815,1.628878927,0.680510827,0.337475894,0.009271209,-0.9483681
68,86,TLERWPFSAPFRVKGKEIQ,2289.63328,27.60893833,1.592466593,0.632223887,0.19361667,0.044897536,-0.960242705
48,67,QQVANQGAGRPSEVPGVRTL,2064.26308,23.00258667,5.303712055,4.332423072,0.104515917,0.726262994,-0.971288982
35,66,KAVQDIVEQVKPLQQVANQGAGRPSEVPGVRT,3399.81148,26.093985,12.12198357,11.13723738,0.553072528,0.665376432,-0.98474619
42,67,EQVKPLQQVANQGAGRPSEVPGVRTL,2759.08248,24.87703,5.288869658,4.238635034,0.693784818,0.733961753,-1.050234624
72,89,WPFSAPFRVKGKEIQILR,2172.57298,29.70795333,2.175542154,1.064417102,0.300061347,0.482332651,-1.111125052
36,66,AVQDIVEQVKPLQQVANQGAGRPSEVPGVRT,3271.63918,27.34618,7.607497973,6.45838698,0.036476086,0.092172507,-1.149110993
70,89,ERWPFSAPFRVKGKEIQILR,2457.87268,28.36285167,1.643853385,0.445652395,0.147005429,0.037056009,-1.19820099
40,49,IVEQVKPLQQ,1181.38178,21.31907333,1.543044987,0.339152303,0.045060828,0.024409974,-1.203892683
36,52,AVQDIVEQVKPLQQVAN,1879.11898,27.72419667,5.432248601,4.223471143,0.132883628,0.150355944,-1.208777458
68,88,TLERWPFSAPFRVKGKEIQIL,2515.94848,31.44159,1.867514961,0.655809132,0.143565226,0.023847109,-1.211705829
46,67,PLQQVANQGAGRPSEVPGVRTL,2274.53588,26.43861333,5.279209162,4.063200474,0.042466774,0.396946548,-1.216008687
71,89,RWPFSAPFRVKGKEIQILR,2328.75868,28.48812,1.703852168,0.466283286,0.093583909,0.053469619,-1.237568882
14,24,AADLDAIYDHY,1266.31228,29.38528833,2.001498406,0.736401685,0.915563325,0.338736929,-1.265096721
68,91,TLERWPFSAPFRVKGKEIQILRID,2900.37918,30.63806667,1.918079942,0.646286374,0.194769145,0.027395503,-1.271793567
73,81,PFSAPFRVK,1048.23778,25.055665,1.542226863,0.036063564,0.006441252,0.126565379,-1.5061633
72,91,WPFSAPFRVKGKEIQILRID,2400.81798,31.25922,2.783599291,1.131852574,0.748698008,0.067514457,-1.651746716
6,21,SLKWTRKAAADLDAIY,1822.06918,27.67304167,3.368807652,1.473881667,0.402577047,0.438997023,-1.894925985
49,69,QVANQGAGRPSEVPGVRTLTL,2150.39538,26.511295,5.383110629,3.115382684,0.546443137,0.149694743,-2.267727945
50,67,VANQGAGRPSEVPGVRTL,1808.00468,23.18386,4.519529856,2.072173397,0.36514818,0.054389529,-2.447356459
28,65,IGPEKALKAVQDIVEQVKPLQQVANQGAGRPSEVPGVR,4007.55348,32.302015,8.572840523,5.996068021,0.430546632,0.605307682,-2.576772502
46,69,PLQQVANQGAGRPSEVPGVRTLTL,2488.79738,28.63326,5.637524517,2.980373996,0.442609351,0.130296269,-2.657150521
44,65,VKPLQQVANQGAGRPSEVPGVR,2287.57778,21.66040833,6.702096644,3.830621198,0.176344593,0.126035155,-2.871475446
46,65,PLQQVANQGAGRPSEVPGVR,2060.27438,21.41493667,6.690781261,3.792821697,0.787651031,0.180738099,-2.897959564
33,69,ALKAVQDIVEQVKPLQQVANQGAGRPSEVPGVRTLTL,3911.46608,31.12539333,13.27073511,10.29619975,0.543902484,1.696908041,-2.97453536
39,67,DIVEQVKPLQQVANQGAGRPSEVPGVRTL,3086.45858,27.5658,9.729112986,6.590042431,1.475689051,1.276672804,-3.139070555
37,67,VQDIVEQVKPLQQVANQGAGRPSEVPGVRTL,3313.71888,27.81151,11.88451868,8.64183924,0.817253644,0.121949136,-3.242679438
38,66,QDIVEQVKPLQQVANQGAGRPSEVPGVRT,3101.43018,25.88715,12.17843859,8.86733361,0.576481808,0.390223045,-3.311104979
44,66,VKPLQQVANQGAGRPSEVPGVRT,2388.68168,21.78136833,8.026717259,4.710033517,0.397471111,0.273404756,-3.316683743
36,65,AVQDIVEQVKPLQQVANQGAGRPSEVPGVR,3170.53528,27.33549833,22.34011768,18.91575516,0.24217197,0.116943382,-3.424362522
39,52,DIVEQVKPLQQVAN,1580.78078,25.65068,6.075707114,2.6471319,1.00346097,0.18206769,-3.428575214
44,65,VKPLQQVANQGAGRPSEVPGVR,2287.57778,21.68219167,5.48716048,2.049275161,0.782155713,0.114223073,-3.437885319
46,67,PLQQVANQGAGRPSEVPGVRTL,2274.53588,24.60141167,6.066308085,2.619522668,0.327775728,0.121233364,-3.446785417
46,68,PLQQVANQGAGRPSEVPGVRTLT,2375.63978,24.35036333,7.015377035,3.542139693,0.327218959,0.13993077,-3.473237343
39,68,DIVEQVKPLQQVANQGAGRPSEVPGVRTLT,3187.56248,27.04631833,6.413831422,2.936182419,0.398873601,0.134500104,-3.477649002
40,65,IVEQVKPLQQVANQGAGRPSEVPGVR,2757.10968,23.63491833,7.558291152,4.074922079,0.361307708,0.101027734,-3.483369074
46,66,PLQQVANQGAGRPSEVPGVRT,2161.37828,21.77595167,7.458498918,3.966009957,0.553736627,0.162174072,-3.492488961
44,69,VKPLQQVANQGAGRPSEVPGVRTLTL,2716.10078,26.67792,7.009738534,3.35868781,0.376457538,0.096774222,-3.651050724
44,67,VKPLQQVANQGAGRPSEVPGVRTL,2501.83928,23.47630333,7.36476263,3.599921391,0.351619184,0.127026414,-3.764841239
44,69,VKPLQQVANQGAGRPSEVPGVRTLTL,2716.10078,26.75010833,7.163745501,3.379104644,0.401577567,0.110383569,-3.784640857
43,68,QVKPLQQVANQGAGRPSEVPGVRTLT,2731.07238,23.89496,8.054216864,4.21113443,0.423221947,0.004355857,-3.843082434
38,68,QDIVEQVKPLQQVANQGAGRPSEVPGVRTLT,3315.69168,26.98841333,10.08621193,6.19926666,0.530457525,0.318014414,-3.886945266
36,67,AVQDIVEQVKPLQQVANQGAGRPSEVPGVRTL,3384.79678,28.62364833,8.738615493,4.850238653,0.245301421,0.111222683,-3.88837684
43,69,QVKPLQQVANQGAGRPSEVPGVRTLTL,2844.22998,26.554805,7.4252021,3.523848029,0.440267616,0.127855369,-3.901354072
43,69,QVKPLQQVANQGAGRPSEVPGVRTLTL,2844.22998,26.35832167,7.491658832,3.558762764,0.398587828,0.159573537,-3.932896068
44,67,VKPLQQVANQGAGRPSEVPGVRTL,2501.83928,23.49669333,7.366098044,3.425745823,0.354162436,0.141504252,-3.940352221
43,68,QVKPLQQVANQGAGRPSEVPGVRTLT,2731.07238,24.21907333,7.983269133,4.02150083,0.333716863,0.215309871,-3.961768303
43,67,QVKPLQQVANQGAGRPSEVPGVRTL,2629.96848,24.41458667,7.499725569,3.528913119,0.358006164,0.103708546,-3.97081245
40,67,IVEQVKPLQQVANQGAGRPSEVPGVRTL,2971.37118,25.08774333,7.841637931,3.859953431,0.384306262,0.134253769,-3.981684501
43,67,QVKPLQQVANQGAGRPSEVPGVRTL,2629.96848,23.87535333,7.520114707,3.522472034,0.356438222,0.123344476,-3.997642672
40,68,IVEQVKPLQQVANQGAGRPSEVPGVRTLT,3072.47508,24.96225833,8.383839466,4.374571365,0.38874701,0.191619682,-4.009268101
40,67,IVEQVKPLQQVANQGAGRPSEVPGVRTL,2971.37118,25.86976833,7.914188544,3.899543978,0.395940603,0.155254571,-4.014644567
28,65,IGPEKALKAVQDIVEQVKPLQQVANQGAGRPSEVPGVR,4007.55348,32.42821167,10.27801973,6.177892152,0.335224668,1.409456585,-4.100127574
39,67,DIVEQVKPLQQVANQGAGRPSEVPGVRTL,3086.45858,27.18871,8.827648922,4.722229912,0.278285307,0.203267742,-4.10541901
40,69,IVEQVKPLQQVANQGAGRPSEVPGVRTLTL,3185.63268,28.121485,8.135886243,4.018067602,0.4080549,0.131021626,-4.117818641
40,65,IVEQVKPLQQVANQGAGRPSEVPGVR,2757.10968,23.34226333,8.284887503,4.163920062,0.376463322,0.143281773,-4.120967441
40,66,IVEQVKPLQQVANQGAGRPSEVPGVRT,2858.21358,23.39882167,8.210915635,4.071996143,0.331273992,0.165087779,-4.138919492
40,66,IVEQVKPLQQVANQGAGRPSEVPGVRT,2858.21358,23.469675,8.266466253,4.124910036,0.308713795,0.148735475,-4.141556217
42,67,EQVKPLQQVANQGAGRPSEVPGVRTL,2759.08248,24.89636333,8.024218259,3.816678418,1.319536213,0.56296888,-4.207539841
39,67,DIVEQVKPLQQVANQGAGRPSEVPGVRTL,3086.45858,27.21810833,8.632696725,4.419963922,0.385074216,0.101677781,-4.212732803
40,69,IVEQVKPLQQVANQGAGRPSEVPGVRTLTL,3185.63268,28.06096167,8.314031564,4.087318739,0.420552288,0.122343012,-4.226712825
37,69,VQDIVEQVKPLQQVANQGAGRPSEVPGVRTLTL,3527.98038,29.29181833,9.229098973,4.984121515,0.168881606,0.071525464,-4.244977457
36,67,AVQDIVEQVKPLQQVANQGAGRPSEVPGVRTL,3384.79678,28.70865,8.697132316,4.383972785,0.35139701,0.138456465,-4.313159531
35,69,KAVQDIVEQVKPLQQVANQGAGRPSEVPGVRTLTL,3727.23058,28.88132333,9.310066216,4.976231617,0.242188879,0.495843455,-4.333834599
28,67,IGPEKALKAVQDIVEQVKPLQQVANQGAGRPSEVPGVRTL,4221.81498,33.09723333,8.868981938,4.472042315,0.36719662,0.15049826,-4.396939622
43,65,QVKPLQQVANQGAGRPSEVPGVR,2415.70698,21.949885,8.714916878,4.309670866,1.091807035,0.224678432,-4.405246012
37,69,VQDIVEQVKPLQQVANQGAGRPSEVPGVRTLTL,3527.98038,29.37823333,10.14407009,5.727246315,0.430246171,0.253224625,-4.416823772
35,67,KAVQDIVEQVKPLQQVANQGAGRPSEVPGVRTL,3512.96908,27.25884333,8.735673188,4.315825667,0.314709324,0.174560484,-4.419847521
39,69,DIVEQVKPLQQVANQGAGRPSEVPGVRTLTL,3300.72008,29.15162667,9.302122448,4.871975535,0.469533699,0.318066194,-4.430146913
28,69,IGPEKALKAVQDIVEQVKPLQQVANQGAGRPSEVPGVRTLTL,4436.07648,33.469185,9.218222052,4.734449522,0.361375846,0.106861209,-4.48377253
35,67,KAVQDIVEQVKPLQQVANQGAGRPSEVPGVRTL,3512.96908,27.28878333,8.891279218,4.334753701,0.356281366,0.093713078,-4.556525517
28,67,IGPEKALKAVQDIVEQVKPLQQVANQGAGRPSEVPGVRTL,4221.81498,32.705615,8.87335432,4.312685048,0.397916514,0.105942839,-4.560669272
36,69,AVQDIVEQVKPLQQVANQGAGRPSEVPGVRTLTL,3599.05828,29.99492,9.136097449,4.574496128,0.341987751,0.101044643,-4.561601321
36,69,AVQDIVEQVKPLQQVANQGAGRPSEVPGVRTLTL,3599.05828,29.916955,9.07616148,4.483478853,0.373322477,0.126224558,-4.592682627
35,69,KAVQDIVEQVKPLQQVANQGAGRPSEVPGVRTLTL,3727.23058,28.77963667,9.182548746,4.580812445,0.311259088,0.166116563,-4.601736301
39,69,DIVEQVKPLQQVANQGAGRPSEVPGVRTLTL,3300.72008,29.091315,9.69327924,5.055237182,0.588573188,0.163430936,-4.638042058
28,68,IGPEKALKAVQDIVEQVKPLQQVANQGAGRPSEVPGVRTLT,4322.91888,32.69137167,9.501616937,4.839464332,0.397729512,0.237938581,-4.662152605
35,68,KAVQDIVEQVKPLQQVANQGAGRPSEVPGVRTLT,3614.07298,26.96775333,16.29838246,11.52276981,0.597553504,0.206595504,-4.775612652
28,69,IGPEKALKAVQDIVEQVKPLQQVANQGAGRPSEVPGVRTLTL,4436.07648,33.85529667,9.064935638,4.272614009,0.444284144,0.158024297,-4.792321629
28,66,IGPEKALKAVQDIVEQVKPLQQVANQGAGRPSEVPGVRT,4108.65738,32.32303167,9.792112821,4.821487019,0.049512714,0.243791352,-4.970625802
46,57,PLQQVANQGAGR,1238.35348,13.97963667,-407.5830354,-827.1532869,588.8679213,584.3738967,-419.5702515
