Start,End,Sequence,Peptide mass (Da),Retention time (min),Uptake FREE (D),Uptake COMPLEX (D),Uptake error (SD) - Free (D),Uptake error (SD) - Complex (D)
Start,End,Sequence,Peptide mass (Da),Retention time (min),0 min,0 min,0 min,0 min
35,67,KAVQDIVEQVKPLQQVANQGAGRPSEVPGVRTL,3512.969080000001,27.258843333333,8.735673187567045,4.315825666737965,0.31470932392998424,0.17456048396692284
36,66,AVQDIVEQVKPLQQVANQGAGRPSEVPGVRT,3271.639180000001,27.34618,7.6074979726787815,6.4583869801440414,0.03647608551781016,0.09217250658983361
40,65,IVEQVKPLQQVANQGAGRPSEVPGVR,2757.109680000001,23.634918333333,7.5582911522763725,4.074922078667744,0.3613077076270969,0.10102773394216244
28,67,IGPEKALKAVQDIVEQVKPLQQVANQGAGRPSEVPGVRTL,4221.81498,32.705615,8.873354320158796,4.3126850484762445,0.3979165144936357,0.10594283888957431
40,66,IVEQVKPLQQVANQGAGRPSEVPGVRT,2858.213580000001,23.398821666667,8.210915635339157,4.071996143127914,0.33127399166663724,0.16508777930615434
36,67,AVQDIVEQVKPLQQVANQGAGRPSEVPGVRTL,3384.796780000001,28.623648333333,8.738615492963769,4.850238652983232,0.24530142104954053,0.11122268255559774
36,68,AVQDIVEQVKPLQQVANQGAGRPSEVPGVRTLT,3485.900680000001,28.460116666667,11.452212267792978,20.999935216460926,0.4478593024028156,2.5618455056563394
39,67,DIVEQVKPLQQVANQGAGRPSEVPGVRTL,3086.458580000001,27.18871,8.827648921854083,4.722229911718235,0.278285306854748,0.20326774185721583
37,67,VQDIVEQVKPLQQVANQGAGRPSEVPGVRTL,3313.718880000001,27.81151,11.884518677726343,8.641839240093,0.8172536439475346,0.12194913599016337
38,67,QDIVEQVKPLQQVANQGAGRPSEVPGVRTL,3214.587780000001,27.058256666667,10.504517968348106,9.637835304013455,0.21435423990957256,0.25134212765808395
36,69,AVQDIVEQVKPLQQVANQGAGRPSEVPGVRTLTL,3599.058280000001,29.916954999999998,9.076161480038385,4.483478852554981,0.37332247731643986,0.12622455812288408
40,67,IVEQVKPLQQVANQGAGRPSEVPGVRTL,2971.371180000001,25.087743333333,7.841637931421549,3.859953430860363,0.38430626209531504,0.1342537685582074
35,69,KAVQDIVEQVKPLQQVANQGAGRPSEVPGVRTLTL,3727.2305800000013,28.779636666667,9.182548745941554,4.580812445189925,0.3112590880028743,0.16611656272592054
38,68,QDIVEQVKPLQQVANQGAGRPSEVPGVRTLT,3315.6916800000013,26.988413333332996,10.086211925673524,6.1992666599398945,0.5304575252513329,0.318014414321585
39,69,DIVEQVKPLQQVANQGAGRPSEVPGVRTLTL,3300.720080000001,29.091315,9.693279240467897,5.055237182476503,0.5885731881097356,0.1634309364236295
28,45,IGPEKALKAVQDIVEQVK,1965.2943800000003,32.386585,1.613825172389473,0.7257576535083293,0.3249985635429426,0.13701505197607783
33,69,ALKAVQDIVEQVKPLQQVANQGAGRPSEVPGVRTLTL,3911.466080000001,31.125393333333,13.270735114809364,10.296199754496834,0.5439024837257596,1.696908040781363
40,68,IVEQVKPLQQVANQGAGRPSEVPGVRTLT,3072.475080000001,25.835171666667,9.307177513975148,11.356960427884587,0.23532703171886266,0.944147209171134
36,65,AVQDIVEQVKPLQQVANQGAGRPSEVPGVR,3170.535280000001,27.335498333333,22.340117684886234,18.915755162715566,0.24217197030224283,0.11694338186794474
72,91,WPFSAPFRVKGKEIQILRID,2400.8179800000003,31.259219999999996,2.7835992906742226,1.1318525741953636,0.7486980082609374,0.06751445665687293
35,66,KAVQDIVEQVKPLQQVANQGAGRPSEVPGVRT,3399.811480000001,26.093985,12.121983574508855,11.137237384848353,0.5530725284474741,0.6653764322658333
28,66,IGPEKALKAVQDIVEQVKPLQQVANQGAGRPSEVPGVRT,4108.657380000001,32.323031666667,9.792112821044006,4.821487018804571,0.04951271448566807,0.24379135161380727
44,67,VKPLQQVANQGAGRPSEVPGVRTL,2501.83928,23.496693333333,7.366098044403922,3.4257458230264697,0.3541624362704288,0.14150425185772242
44,65,VKPLQQVANQGAGRPSEVPGVR,2287.57778,21.660408333333,6.7020966438062715,3.830621198070579,0.1763445926389701,0.1260351551822026
28,69,IGPEKALKAVQDIVEQVKPLQQVANQGAGRPSEVPGVRTLTL,4436.07648,33.855296666666995,9.064935638022689,4.272614009470392,0.4442841439425318,0.15802429728035866
28,65,IGPEKALKAVQDIVEQVKPLQQVANQGAGRPSEVPGVR,4007.5534800000005,32.428211666667,10.27801972613861,6.1778921524563275,0.33522466778643933,1.4094565854612517
28,67,IGPEKALKAVQDIVEQVKPLQQVANQGAGRPSEVPGVRTL,4221.81498,33.097233333333,8.868981937637423,4.472042315298798,0.3671966196987018,0.15049825996577987
35,67,KAVQDIVEQVKPLQQVANQGAGRPSEVPGVRTL,3512.969080000001,27.288783333333,8.891279217868487,4.3347537011576,0.35628136633513857,0.09371307839945969
43,69,QVKPLQQVANQGAGRPSEVPGVRTLTL,2844.2299800000005,26.554805,7.4252021004814805,3.5238480288844585,0.4402676155175322,0.1278553692803925
39,69,DIVEQVKPLQQVANQGAGRPSEVPGVRTLTL,3300.720080000001,29.151626666667003,9.302122448435512,4.8719755353614955,0.46953369865116173,0.3180661939669157
14,25,AADLDAIYDHYV,1365.4433800000002,32.050475,4.224372073500945,4.003003761716627,0.1616933229035208,0.28064921759718736
28,69,IGPEKALKAVQDIVEQVKPLQQVANQGAGRPSEVPGVRTLTL,4436.07648,33.469185,9.218222052006544,4.734449521694539,0.36137584620320484,0.10686120854746357
43,67,QVKPLQQVANQGAGRPSEVPGVRTL,2629.9684800000005,24.414586666667,7.4997255688337345,3.528913118661118,0.35800616381232236,0.10370854618979736
35,68,KAVQDIVEQVKPLQQVANQGAGRPSEVPGVRTLT,3614.0729800000013,26.967753333333,16.298382463419937,11.522769811063577,0.5975535040744444,0.2065955039267624
40,69,IVEQVKPLQQVANQGAGRPSEVPGVRTLTL,3185.632680000001,28.121485,8.135886242886045,4.0180676017610795,0.4080548996017579,0.13102162618039745
28,68,IGPEKALKAVQDIVEQVKPLQQVANQGAGRPSEVPGVRTLT,4322.91888,32.691371666667,9.501616937460009,4.839464332292361,0.39772951206041335,0.23793858072851976
12,23,KAAADLDAIYDH,1302.3891800000004,24.14365,3.2543127903470577,4.050559115311519,0.4898794965966708,0.15481515457374714
46,69,PLQQVANQGAGRPSEVPGVRTLTL,2488.79738,28.63326,5.637524516585927,2.980373995974181,0.44260935067356905,0.130296268697014
46,65,PLQQVANQGAGRPSEVPGVR,2060.27438,21.414936666667,6.690781261223947,3.79282169734779,0.7876510308682189,0.18073809852689066
68,89,TLERWPFSAPFRVKGKEIQILR,2672.13418,29.096988333333,2.010599799094962,2.8446851760387895,0.018650841604306752,0.3653323914964933
36,67,AVQDIVEQVKPLQQVANQGAGRPSEVPGVRTL,3384.796780000001,28.70865,8.697132315977493,4.38397278545411,0.351397009533448,0.13845646458016939
68,91,TLERWPFSAPFRVKGKEIQILRID,2900.37918,30.638066666667,1.9180799416691723,0.6462863743857573,0.19476914513248186,0.02739550300205268
44,65,VKPLQQVANQGAGRPSEVPGVR,2287.57778,21.682191666667,5.487160479761466,2.049275161006335,0.7821557132349197,0.11422307299458316
39,65,DIVEQVKPLQQVANQGAGRPSEVPGVR,2872.197080000001,25.988123333333,6.881546561556964,7.105774627576618,0.8348913109728346,0.554954334805015
72,86,WPFSAPFRVKGKEIQ,1790.0720800000001,28.160291666667,1.6783158636622677,0.93449814375064,0.13000683272869243,0.1997778505234574
25,39,VVLIGPEKALKAVQD,1579.8788800000002,26.879291666667005,1.7305015111830169,1.1925846264852378,0.2483919961511332,0.11971084578261817
42,67,EQVKPLQQVANQGAGRPSEVPGVRTL,2759.0824800000005,24.87703,5.288869657861142,4.238635034163508,0.693784817758658,0.7339617532802462
40,67,IVEQVKPLQQVANQGAGRPSEVPGVRTL,2971.371180000001,25.869768333333,7.914188544409929,3.899543977543241,0.39594060258967056,0.15525457127769765
46,66,PLQQVANQGAGRPSEVPGVRT,2161.37828,21.775951666667,7.458498918052101,3.966009956994791,0.5537366274715828,0.1621740718632651
14,24,AADLDAIYDHY,1266.31228,29.385288333333,2.001498406413399,0.7364016854964271,0.9155633251547063,0.33873692947978923
13,23,AAADLDAIYDH,1174.2168800000002,26.435193333333,0.6455848351836266,0.43085316916729727,0.1262203646908047,0.08096822343118863
46,68,PLQQVANQGAGRPSEVPGVRTLT,2375.63978,24.350363333333,7.015377035391945,3.5421396926200637,0.327218959248492,0.13993077000488308
40,65,IVEQVKPLQQVANQGAGRPSEVPGVR,2757.109680000001,23.342263333333,8.28488750328203,4.163920062347491,0.37646332185975706,0.14328177276533882
43,65,QVKPLQQVANQGAGRPSEVPGVR,2415.7069800000004,21.904280000000004,3.2346702029190055,3.0054909047983833,0.14375872450156799,0.09940257508520714
37,69,VQDIVEQVKPLQQVANQGAGRPSEVPGVRTLTL,3527.980380000001,29.291818333333,9.229098972795631,4.984121515339514,0.1688816059699251,0.07152546399869764
44,67,VKPLQQVANQGAGRPSEVPGVRTL,2501.83928,23.476303333333,7.364762630276346,3.599921391454245,0.35161918360784206,0.12702641377101864
28,65,IGPEKALKAVQDIVEQVKPLQQVANQGAGRPSEVPGVR,4007.5534800000005,32.302015,8.572840522916218,5.996068020923455,0.43054663181063196,0.6053076823437628
43,66,QVKPLQQVANQGAGRPSEVPGVRT,2516.8108800000005,22.077183333333,13.51881145610499,13.90628771420385,0.5465004701106209,1.5236927961091526
68,79,TLERWPFSAPFR,1506.70548,31.25413,1.081301946385717,0.4767431392498717,0.06207159033458187,0.06309351617486483
28,39,IGPEKALKAVQD,1268.45908,20.502935,0.8297114479096308,0.38087338889393624,0.08374209292730088,0.03558248990850506
35,69,KAVQDIVEQVKPLQQVANQGAGRPSEVPGVRTLTL,3727.2305800000013,28.881323333333,9.310066215845382,4.976231617313563,0.24218887921872784,0.4958434554121182
70,83,ERWPFSAPFRVKGK,1704.97098,26.808045,1.4702318003273074,0.558153618963388,0.1463765370199347,0.02974964643704705
46,67,PLQQVANQGAGRPSEVPGVRTL,2274.53588,26.438613333333,5.2792091617425285,4.063200474423108,0.04246677401342832,0.3969465478844977
43,65,QVKPLQQVANQGAGRPSEVPGVR,2415.7069800000004,21.949885,8.714916878101727,4.30967086573916,1.091807035417955,0.22467843220253844
43,66,QVKPLQQVANQGAGRPSEVPGVRT,2516.8108800000005,22.066595,18.172807073606844,18.327779599735397,0.08834903727569215,0.038733693668189614
43,67,QVKPLQQVANQGAGRPSEVPGVRTL,2629.9684800000005,23.875353333333,7.520114706561041,3.5224720340897875,0.3564382215856279,0.1233444763508039
36,52,AVQDIVEQVKPLQQVAN,1879.1189800000002,27.724196666667,5.432248601168415,4.223471142990472,0.1328836280305117,0.1503559440780507
43,69,QVKPLQQVANQGAGRPSEVPGVRTLTL,2844.2299800000005,26.358321666667,7.49165883195883,3.558762764113453,0.3985878280384335,0.1595735370115324
44,69,VKPLQQVANQGAGRPSEVPGVRTLTL,2716.10078,26.750108333333,7.163745500620128,3.3791046439826764,0.40157756745620266,0.1103835692747779
40,69,IVEQVKPLQQVANQGAGRPSEVPGVRTLTL,3185.632680000001,28.060961666667,8.314031564059254,4.087318739107862,0.42055228769625513,0.12234301241978214
72,83,WPFSAPFRVKGK,1419.67128,28.073651666667,2.5402426914141265,1.7735982556296221,0.24630793461943537,0.013846182183179715
36,69,AVQDIVEQVKPLQQVANQGAGRPSEVPGVRTLTL,3599.058280000001,29.99492,9.1360974486635,4.5744961276009235,0.3419877512079635,0.10104464338614824
46,58,PLQQVANQGAGRP,1335.46868,19.352111666667,5.1727920424479334,6.000564476536813,0.403086190041086,2.375441989567158
49,69,QVANQGAGRPSEVPGVRTLTL,2150.3953800000004,26.511295,5.383110629054348,3.1153826838852487,0.5464431369614341,0.14969474262108154
12,27,KAAADLDAIYDHYVVL,1776.9822800000004,32.289063333333,2.6029634367841936,3.2909032386251056,0.8412045569077241,1.1710101693533879
14,23,AADLDAIYDH,1103.1389800000002,25.817226666667,0.29923670273698616,0.25574502508053837,0.03618117136034517,0.00409227918848422
80,91,VKGKEIQILRID,1411.68898,23.957468333333,0.8928419609282324,0.2573947821855806,0.06561273085447644,0.058731950441790234
80,91,VKGKEIQILRID,1411.68898,24.08121,0.904750782646488,0.2382101763763179,0.06494505010131253,0.027416808902204527
36,68,AVQDIVEQVKPLQQVANQGAGRPSEVPGVRTLT,3485.900680000001,28.498238333333,12.456702144876544,16.306249646846936,1.8813807555601045,3.5011970067589635
38,66,QDIVEQVKPLQQVANQGAGRPSEVPGVRT,3101.430180000001,25.88715,12.178438589531956,8.867333610419943,0.5764818075912763,0.3902230447355932
38,67,QDIVEQVKPLQQVANQGAGRPSEVPGVRTL,3214.587780000001,27.330066666667,7.868674542574354,9.173287143304,0.4538678361092107,0.24136858368913666
70,89,ERWPFSAPFRVKGKEIQILR,2457.87268,28.362851666667,1.6438533848011805,0.4456523952547589,0.1470054289299682,0.0370560093564333
37,67,VQDIVEQVKPLQQVANQGAGRPSEVPGVRTL,3313.718880000001,27.710231666666996,12.552474019028978,14.288498764144,1.4938582905855133,1.299369525622851
48,67,QQVANQGAGRPSEVPGVRTL,2064.26308,23.002586666667,5.303712054754669,4.332423072374088,0.10451591739107073,0.7262629936363499
9,23,WTRKAAADLDAIYDH,1745.8886800000002,25.195126666667,1.1432399630560515,0.6324977968307243,0.11125589221462866,0.02173594721373735
68,79,TLERWPFSAPFR,1506.70548,31.219565,1.0479921505533032,0.9770381134833315,0.06715830314178955,0.2436692179335875
30,39,PEKALKAVQD,1098.25018,20.437391666667,0.6251967673272247,0.3016429690926543,0.09792465340298234,0.031066998954392067
35,65,KAVQDIVEQVKPLQQVANQGAGRPSEVPGVR,3298.707580000001,26.111614999999997,21.500517466560876,21.91350491802238,0.4761039074723037,0.14334933760154633
40,66,IVEQVKPLQQVANQGAGRPSEVPGVRT,2858.213580000001,23.469675,8.266466252694045,4.124910035632335,0.30871379514882,0.14873547486896604
49,68,QVANQGAGRPSEVPGVRTLT,2037.2377800000004,22.662688333333,10.470163590725633,11.73138210013864,3.108813710713748,0.2240309192012763
44,66,VKPLQQVANQGAGRPSEVPGVRT,2388.68168,21.781368333333,8.02671725927515,4.710033516728497,0.39747111143996,0.2734047559452283
14,26,AADLDAIYDHYVV,1464.5744800000002,32.590675,1.3446734767925743,1.485618180031982,0.7194042025886954,0.7137898885327726
6,21,SLKWTRKAAADLDAIY,1822.0691799999997,27.673041666667,3.368807652427146,1.4738816670617325,0.4025770465276302,0.4389970233770015
42,67,EQVKPLQQVANQGAGRPSEVPGVRTL,2759.0824800000005,24.896363333333,8.024218259075496,3.816678417593266,1.3195362128346841,0.5629688804108761
68,88,TLERWPFSAPFRVKGKEIQIL,2515.94848,31.44159,1.8675149610641408,0.6558091317648783,0.14356522563809193,0.023847109003975197
28,45,IGPEKALKAVQDIVEQVK,1965.2943800000003,32.057045,1.9749598168671127,1.57706637579228,0.665327275096113,0.3496597991076311
40,58,IVEQVKPLQQVANQGAGRP,2032.3039800000004,22.982896666667,7.588530295783509,6.772698690288735,0.31555048027687344,0.21774033286030245
39,67,DIVEQVKPLQQVANQGAGRPSEVPGVRTL,3086.458580000001,27.5658,9.729112986015025,6.5900424307192225,1.4756890508838598,1.2766728040556723
28,39,IGPEKALKAVQD,1268.45908,22.419126666667,0.780457589219092,0.3018636003244713,0.19271070423556916,0.04808319652456697
70,79,ERWPFSAPFR,1292.44398,30.265473333333,0.7534231989041776,0.2535625558421846,0.09070515039677489,0.01852313418804318
72,89,WPFSAPFRVKGKEIQILR,2172.5729800000004,29.512073333333,3.1956210573005897,2.775587543853362,0.3215040610485489,0.08491373643306477
9,27,WTRKAAADLDAIYDHYVVL,2220.48178,32.628625,1.7046815191820315,1.1921050546187264,0.02712328248508573,0.038816817353361
80,89,VKGKEIQILR,1183.44398,18.506483333333,0.7439308012476431,0.17312879259717798,0.05331107661422789,0.028170136819811332
10,27,TRKAAADLDAIYDHYVVL,2034.27188,30.933815,1.6288789269328845,0.6805108268580776,0.33747589426487645,0.009271209225851685
15,23,ADLDAIYDH,1032.0610800000002,25.805818333333,0.3105168120957842,0.1059958631653141,0.15106814723955309,0.07540315246939164
40,68,IVEQVKPLQQVANQGAGRPSEVPGVRTLT,3072.475080000001,24.962258333333,8.38383946625087,4.374571364956712,0.38874700965875614,0.19161968198879537
82,91,GKEIQILRID,1184.3855800000001,25.873713333333,0.7880444963119165,0.1751343047374879,0.05554128336789113,0.00912157038151301
44,69,VKPLQQVANQGAGRPSEVPGVRTLTL,2716.10078,26.677920000000004,7.0097385336468205,3.3586878100800277,0.3764575377532293,0.0967742217316837
10,23,TRKAAADLDAIYDH,1559.67878,22.651878333333,0.7237022485786232,0.3812360025582772,0.07306704122484943,0.06914317194632276
28,38,IGPEKALKAVQ,1153.3716800000002,20.63833,0.8046682240920594,0.36764504411939924,0.04277725027544524,0.018171352977664642
37,69,VQDIVEQVKPLQQVANQGAGRPSEVPGVRTLTL,3527.980380000001,29.378233333333,10.144070086864152,5.727246315047826,0.4302461710529907,0.25322462494628556
70,81,ERWPFSAPFRVK,1519.74738,28.367411666667,3.0991241985878637,3.6689007195943,0.3376378448150518,0.6147942986026421
7,23,LKWTRKAAADLDAIYDH,1987.21858,26.295576666667,2.0698370279721225,1.1543511471403083,0.20699639030070896,0.1745990970329018
71,89,RWPFSAPFRVKGKEIQILR,2328.7586800000004,28.48812,1.7038521676001135,0.46628328577935463,0.09358390925859462,0.05346961922828674
39,67,DIVEQVKPLQQVANQGAGRPSEVPGVRTL,3086.458580000001,27.218108333333,8.632696724881347,4.419963922020391,0.38507421614114096,0.10167778111354034
73,81,PFSAPFRVK,1048.2377800000002,25.055665,1.54222686334856,0.03606356383556886,0.006441252014563629,0.1265653789955887
39,52,DIVEQVKPLQQVAN,1580.78078,25.65068,6.075707113671645,2.6471319000828166,1.0034609702812194,0.18206768967159032
46,67,PLQQVANQGAGRPSEVPGVRTL,2274.53588,24.601411666667,6.066308085293106,2.619522668321982,0.32777572797225996,0.12123336409690796
70,91,ERWPFSAPFRVKGKEIQILRID,2686.11768,30.069488333333002,2.837352685131767,3.668545743175855,0.2244445121988194,0.1997938465332897
72,89,WPFSAPFRVKGKEIQILR,2172.5729800000004,29.707953333333,2.175542153848255,1.064417101736126,0.30006134690462616,0.4823326509904606
40,49,IVEQVKPLQQ,1181.3817800000002,21.319073333333,1.5430449866228173,0.3391523032364603,0.04506082823567445,0.024409973870021102
39,68,DIVEQVKPLQQVANQGAGRPSEVPGVRTLT,3187.562480000001,27.046318333333,6.413831421746636,2.9361824192569657,0.39887360130919075,0.13450010368696494
68,83,TLERWPFSAPFRVKGK,1919.2324800000001,27.645908333333,1.9000682118296481,1.0960616918262076,0.17708677575753975,0.07507817441911473
43,68,QVKPLQQVANQGAGRPSEVPGVRTLT,2731.0723800000005,23.89496,8.05421686396979,4.211134429655583,0.4232219474627021,0.004355856996300958
30,38,PEKALKAVQ,983.1627799999999,20.44127,0.6138969702785365,0.31486990116229663,0.02813318500985769,0.04906210189169445
68,86,TLERWPFSAPFRVKGKEIQ,2289.63328,28.257536666667,3.022619830843117,2.549112638329158,0.2126969228659724,0.06239448334612339
46,57,PLQQVANQGAGR,1238.35348,13.979636666667,-407.583035433373,-827.1532869302641,588.8679212551415,584.3738966501616
14,27,AADLDAIYDHYVVL,1577.7320800000002,34.422051666667,0.4576056358853293,0.3201154362604181,0.0440561087649499,0.020968373950949595
43,68,QVKPLQQVANQGAGRPSEVPGVRTLT,2731.0723800000005,24.219073333333004,7.98326913251276,4.0215008297653485,0.33371686346019785,0.2153098707679666
68,86,TLERWPFSAPFRVKGKEIQ,2289.63328,27.608938333333,1.5924665925178185,0.6322238873881361,0.19361666960011711,0.04489753631961737
28,42,IGPEKALKAVQDIVE,1609.8617800000002,29.639245,1.055912568916862,0.5507905216099213,0.022542309013264154,0.06309620315122993
13,27,AAADLDAIYDHYVVL,1648.8099800000002,34.53864,0.6397922765040676,0.427791175188986,0.02535002363234605,0.03339532870849799
50,67,VANQGAGRPSEVPGVRTL,1808.0046800000002,23.18386,4.51952985635027,2.072173396907298,0.3651481795351879,0.05438952944973823
